facility_id,facility_coid,facility_name,timezone,tz_utc_offset,tz_description,emr_mnem,emr_name,facility_status,facility_address1,facility_city,facility_state,facility_zip,company_name,division_mnem,division_name,network_meditech_network,cityConcat,addConcat,,
18000016,34654,LewisGale Alleghany,est,-5:00:00,Eastern Time Zone,MT56,Meditech 5.6,1,1 Alleghany Regional Hospital Lane,Low Moor,VA,24457,HCA,H-CAP,Capital,VAB, Low Moor,1 Alleghany Regional Hospital Lane Low Moor,37.7887382,-79.8836637
18000023,25314,Appomattox Imaging Center,est,-5:00:00,Eastern Time Zone,MT56,Meditech 5.6,1,"930 S. Ave
 
 Suite 101",Colonial Heights,VA,23834,HCA,H-CAP,Capital,VAA, Colonial Heights,"930 S. Ave
 
 Suite 101 Colonial Heights",37.2429405,-77.3899499
18000070,25446,Brambleton Imaging Center,est,-5:00:00,Eastern Time Zone,MT56,Meditech 5.6,1,4330 Brambleton Avenue,Roanoke,VA,24018,HCA,H-CAP,Capital,VAB, Roanoke,4330 Brambleton Avenue Roanoke,37.2267477,-80.0100414
18000083,9798,Buford Road Imaging,est,-5:00:00,Eastern Time Zone,MT56,Meditech 5.6,1,2612 Burford Road,Richmond,VA,23235,HCA,H-CAP,Capital,VAA, Richmond,2612 Burford Road Richmond,37.534077,-77.5622778
18000118,3449,Chesterfield Imaging,est,-5:00:00,Eastern Time Zone,MT56,Meditech 5.6,1,13636 Hull Street Road,Midlothian,VA,23112,HCA,H-CAP,Capital,VAA, Midlothian,13636 Hull Street Road Midlothian,37.4095206,-77.6547276
18000125,34632,Chippenham-Johnston Willis Medical Center,est,-5:00:00,Eastern Time Zone,MT56,Meditech 5.6,1,1401 Johnston-Willis Drive,Richmond,VA,23235,HCA,H-CAP,Capital,VAA, Richmond,1401 Johnston-Willis Drive Richmond,37.510606,-77.5946555
18000243,25061,Capital Division Hub Sites,est,-5:00:00,Eastern Time Zone,Unknown,Need to Identify,1,110 N. Robinson Steet. Suite 201,Richmond,VA,23220,HCA,H-CAP,Capital,*None, Richmond,110 N. Robinson Steet. Suite 201 Richmond,37.553508,-77.473155
18000348,8409,Dominion Hospital,est,-5:00:00,Eastern Time Zone,MT56,Meditech 5.6,1,2960 Sleepy Hollow Road,Falls Church,VA,22044,HCA,H-CAP,Capital,VAC, Falls Church,2960 Sleepy Hollow Road Falls Church,38.8700419,-77.1580879
18000501,34634,Henrico Doctors Hospital,est,-5:00:00,Eastern Time Zone,MT56,Meditech 5.6,1,1602 Skipwith Rd,Richmond,VA,23229,HCA,H-CAP,Capital,VAA, Richmond,1602 Skipwith Rd Richmond,37.6047813,-77.5402667
18000572,23001,Independence Park Imagaing Center,est,-5:00:00,Eastern Time Zone,MT56,Meditech 5.6,1,"9930 Independence Park Drive, Suite 100",Richmond,VA,23233,HCA,H-CAP,Capital,VAA, Richmond,"9930 Independence Park Drive, Suite 100 Richmond",37.6367267,-77.5708085
18000593,34627,TriCities Hospital,est,-5:00:00,Eastern Time Zone,MT56,Meditech 5.6,1,411 W Randolph Rd,Hopewell,VA,23860,HCA,H-CAP,Capital,VAA, Hopewell,411 W Randolph Rd Hopewell,37.308009,-77.291156
18000641,34630,LewisGale Medical Center - Salem,est,-5:00:00,Eastern Time Zone,MT56,Meditech 5.6,1,1900 Electric Rd,Salem,VA,24153,HCA,H-CAP,Capital,VAB, Salem,1900 Electric Rd Salem,37.2632023,-80.031311
18000749,34610,LewisGale Montgomery,est,-5:00:00,Eastern Time Zone,MT56,Meditech 5.6,1,3700 S Main St,Blacksburg,VA,24060,HCA,H-CAP,Capital,VAB, Blacksburg,3700 S Main St Blacksburg,37.1872989,-80.4108939
18000877,32905,Parkland Medical Center,est,-5:00:00,Eastern Time Zone,MT56,Meditech 5.6,1,1 Parkland Dr,Derry,NH,3038,HCA,H-CAP,Capital,NHA, Derry,1 Parkland Dr Derry,42.8770121,-71.3165594
18000909,32902,Portsmouth Regional Medical Ctr.,est,-5:00:00,Eastern Time Zone,MT56,Meditech 5.6,1,333 Borthwick Ave,Portsmouth,NH,3801,HCA,H-CAP,Capital,NHA, Portsmouth,333 Borthwick Ave Portsmouth,43.0648113,-70.7902541
18000925,34605,LewisGale Pulaski,est,-5:00:00,Eastern Time Zone,MT56,Meditech 5.6,1,2400 Lee Hwy,Pulaski,VA,24301,HCA,H-CAP,Capital,VAB, Pulaski,2400 Lee Hwy Pulaski,37.0682291,-80.75703
18000969,8540,Reston Hospital,est,-5:00:00,Eastern Time Zone,MT56,Meditech 5.6,1,1850 Town Center Pkwy,Reston,VA,20190,HCA,H-CAP,Capital,VAC, Reston,1850 Town Center Pkwy Reston,38.9626797,-77.363936
18001065,25325,Spotsylvania Regional Medical Center,est,-5:00:00,Eastern Time Zone,MT56,Meditech 5.6,1,4600 Spotsylvania Parkway,Fredericksburg,VA,22408,HCA,H-CAP,Capital,VAA, Fredericksburg,4600 Spotsylvania Parkway Fredericksburg,38.2178326,-77.4962824
18001107,26630,Stone Springs Medical Center,est,-5:00:00,Eastern Time Zone,MT56,Meditech 5.6,1,24440 Stone Springs Blvd,Dulles,VA,20166,HCA,H-CAP,Capital,VAC, Dulles,24440 Stone Springs Blvd Dulles,38.9404382,-77.5424483
18001141,31408,Terre Haute Regional Hospital,est,-5:00:00,Eastern Time Zone,MT56,Meditech 5.6,1,3901 S 7th St,Terre Haute,IN,47802,HCA,H-CAP,Capital,INA, Terre Haute,3901 S 7th St Terre Haute,39.4191964,-87.4092855
18001361,27720,Frisbie Memorial Hospital,est,-5:00:00,Eastern Time Zone,Unknown,Need to Identify,1,11 Whitehall Road,Rochester,NH,27720,HCA,H-CAP,Capital,*None, Rochester,11 Whitehall Road Rochester,43.2981782,-70.9607926
18001461,27720,Frisbie Memorial Hospital (EXP),est,-5:00:00,Eastern Time Zone,MTX,Meditech Expanse GCP,1,11 Whitehall Road,Rochester,NH,27720,HCA,H-CAP,Capital,HCANH, Rochester,11 Whitehall Road Rochester,43.2981782,-70.9607926
18001470,32902,Portsmouth Regional Medical Center (EXP),est,-5:00:00,Eastern Time Zone,MTX,Meditech Expanse GCP,1,333 Borthwick,Portsmouth,NH,3801,HCA,H-CAP,Capital,HCANH, Portsmouth,333 Borthwick Portsmouth,43.0648113,-70.7902541
18001471,32905,Parkland Medical Center (EXP),est,-5:00:00,Eastern Time Zone,MTX,Meditech Expanse GCP,1,1 Parkland Dr,Derry,NH,3038,HCA,H-CAP,Capital,HCANH, Derry,1 Parkland Dr Derry,42.8770121,-71.3165594
18001082,25067,St. David's Georgetown Hospital,cst,-6:00:00,Central Time Zone,MT56,Meditech 5.6,1,2000 Scenic Drive,Georgetown,TX,78626,HCA,H-CWT,Central West Tx,TXI, Georgetown,2000 Scenic Drive Georgetown,30.6260972,-97.6893849
18001084,6676,St. David's Medical Center,cst,-6:00:00,Central Time Zone,MT56,Meditech 5.6,1,919 E 32nd St,Austin,TX,78705,HCA,H-CWT,Central West Tx,TXI, Austin,919 E 32nd St Austin,30.2899658,-97.7265342
18001087,34320,St. David's South Hospital (South Austin Hosp),cst,-6:00:00,Central Time Zone,MT56,Meditech 5.6,1,901 West Ben White Blvd,Austin,TX,78704,HCA,H-CWT,Central West Tx,TXI, Austin,901 West Ben White Blvd Austin,30.2261149,-97.7745674
18001089,26825,St. David's Surgical Hospital,cst,-6:00:00,Central Time Zone,MT56,Meditech 5.6,1,1210 West Henna Blvd,Austin,TX,78664,HCA,H-CWT,Central West Tx,TXI, Austin,1210 West Henna Blvd Austin,30.267153,-97.7430608
18000996,37381,Round Rock Hospital,cst,-6:00:00,Central Time Zone,MT56,Meditech 5.6,1,2400 Round Rock Ave,Round Rock,TX,78681,HCA,H-CWT,Central West Tx,TXI, Round Rock,2400 Round Rock Ave Round Rock,30.5101558,-97.7131789
18000631,39307,Las Palmas Medical Center,mst,-7:00:00,Mountain Time Zone,MT56,Meditech 5.6,1,1801 North Oregon Street,El Paso,TX,79902,HCA,H-CWT,Central West Tx,TXB, El Paso,1801 North Oregon Street El Paso,31.7699621,-106.4990287
18000770,8224,North Austin Medical Center,cst,-6:00:00,Central Time Zone,MT56,Meditech 5.6,1,12221 MoPac Expressway,Austin,TX,78758,HCA,H-CWT,Central West Tx,TXI, Austin,12221 MoPac Expressway Austin,30.4112106,-97.7063767
18000494,25960,Heart Hospital of Austin,cst,-6:00:00,Central Time Zone,MT56,Meditech 5.6,1,3801 N Lamar Blvd,Austin,TX,78756,HCA,H-CWT,Central West Tx,TXI, Austin,3801 N Lamar Blvd Austin,30.3058537,-97.7410337
18000221,25473,Central & West Texas Division Hub Sites,cst,-6:00:00,Central Time Zone,Unknown,Need to Identify,1,"98 San Jacinto Blvd, Suite 1800",Austin,TX,78701,HCA,H-CWT,Central West Tx,*None, Austin,"98 San Jacinto Blvd, Suite 1800 Austin",30.2615215,-97.7417551
18000208,39309,Del Sol Medical Center (Medical Center East),mst,-7:00:00,Mountain Time Zone,MT56,Meditech 5.6,1,10301 Gateway West,El Paso,TX,79925,HCA,H-CWT,Central West Tx,TXB, El Paso,10301 Gateway West El Paso,31.756534,-106.3495064
18000036,25913,Austin Heart,cst,-6:00:00,Central Time Zone,EPIC,EPIC,1,"7800 Shoal Creek Blvd, Suite 205 N",Austin,TX,78757,HCA,H-CWT,Central West Tx,*None, Austin,"7800 Shoal Creek Blvd, Suite 205 N Austin",30.3602128,-97.7423068
18000248,30620,Continental Division Hub Sites,mst,-7:00:00,Mountain Time Zone,Unknown,Need to Identify,1,"4900 South Monaco Street
 
 Suite 380",Denver,CO,80237,HCA,H-CON,Continental,*None, Denver,"4900 South Monaco Street
 
 Suite 380 Denver",39.6260444,-104.9108076
18000432,26330,Wesley Woodlawn Hospital,cst,-6:00:00,Central Time Zone,MT56,Meditech 5.6,1,2610 North Woodlawn,Wichita,KS,67220,HCA,H-CON,Continental,KSB, Wichita,2610 North Woodlawn Wichita,37.7313135,-97.2603889
18000678,27400,Medical Center of Aurora,mst,-7:00:00,Mountain Time Zone,MT56,Meditech 5.6,1,1501 S Potomac St,Aurora,CO,80012,HCA,H-CON,Continental,COA, Aurora,1501 S Potomac St Aurora,39.6900876,-104.8319639
18000790,27450,North Suburban Medical Center,mst,-7:00:00,Mountain Time Zone,MT56,Meditech 5.6,1,9191 Grant St,Thornton,CO,80229,HCA,H-CON,Continental,COA, Thornton,9191 Grant St Thornton,39.8635551,-104.9857089
18000992,30668,Rose Medical Center,mst,-7:00:00,Mountain Time Zone,MT56,Meditech 5.6,1,4567 East Ninth Avenue,Denver,CO,80220,HCA,H-CON,Continental,COA, Denver,4567 East Ninth Avenue Denver,39.732185,-104.9340497
18001026,8936,Sky Ridge Medical Center,mst,-7:00:00,Mountain Time Zone,MT56,Meditech 5.6,1,10101 RidgeGate Pkwy,Lone Tree,CO,80124,HCA,H-CON,Continental,COA, Lone Tree,10101 RidgeGate Pkwy Lone Tree,39.5297665,-104.8716442
18000910,27200,Presbyterian / St. Luke's Medical Center,mst,-7:00:00,Mountain Time Zone,MT56,Meditech 5.6,1,1719 E 19th Ave,Denver,CO,80218,HCA,H-CON,Continental,COA, Denver,1719 E 19th Ave Denver,39.7471548,-104.9674525
18001057,27490,Spalding Rehabilitation,mst,-7:00:00,Mountain Time Zone,MT56,Meditech 5.6,1,900 Potomac St,Denver,CO,80011,HCA,H-CON,Continental,COA, Denver,900 Potomac St Denver,39.7311339,-104.8273128
18001132,27100,Swedish Medical Center,mst,-7:00:00,Mountain Time Zone,MT56,Meditech 5.6,1,501 E Hampden Ave,Englewood,CO,80110,HCA,H-CON,Continental,COA, Englewood,501 E Hampden Ave Englewood,39.6543076,-104.9812245
18001194,31608,Wesley Medical Center,cst,-6:00:00,Central Time Zone,MT56,Meditech 5.6,1,550 N Hillside Street,Wichita,KS,67214,HCA,H-CON,Continental,KSB, Wichita,550 N Hillside Street Wichita,37.6960423,-97.2984232
18001198,25501,West Boynton Open Imaging,est,-5:00:00,Eastern Time Zone,Unknown,Need to Identify,1,10151 Enterprise Center Blvd,Boynton Beach,FL,33437,HCA,H-EFL,East Florida,*None, Boynton Beach,10151 Enterprise Center Blvd Boynton Beach,26.5258647,-80.1677578
18001212,30908,HCA Florida Westside Hospital,est,-5:00:00,Eastern Time Zone,MT56,Meditech 5.6,1,8201 W Broward Blvd,Plantation,FL,33324,HCA,H-EFL,East Florida,FLB, Plantation,8201 W Broward Blvd Plantation,26.1238741,-80.2594873
18001176,35940,HCA Florida Woodmont Hospital,est,-5:00:00,Eastern Time Zone,MT56,Meditech 5.6,1,7201 N University Dr,Tamarac,FL,33321,HCA,H-EFL,East Florida,FLB, Tamarac,7201 N University Dr Tamarac,26.2119682,-80.2542607
18000897,37939,HCA Florida Plantation Hospital,est,-5:00:00,Eastern Time Zone,MT56,Meditech 5.6,1,401 NW 42nd Ave,Plantation,FL,33317,HCA,H-EFL,East Florida,FLB, Plantation,401 NW 42nd Ave Plantation,26.1265026,-80.2053822
18000906,30996,HCA Florida St. Lucie Hospital,est,-5:00:00,Eastern Time Zone,MT56,Meditech 5.6,1,1800 SE Tiffany Ave,Port St. Luice,FL,34952,HCA,H-EFL,East Florida,FLK, Port St. Luice,1800 SE Tiffany Ave Port St. Luice,27.2884484,-80.2939746
18000857,3196,Palm Beach Gardens Open Imaging,est,-5:00:00,Eastern Time Zone,MT56,Meditech 5.6,1,3335 Burns Rd. Suite 101,Palm Beach Gardens,FL,33410,HCA,H-EFL,East Florida,FLJ, Palm Beach Gardens,3335 Burns Rd. Suite 101 Palm Beach Gardens,26.8308485,-80.0871177
18000862,37940,HCA Florida Palms West Hospital,est,-5:00:00,Eastern Time Zone,MT56,Meditech 5.6,1,13001 Southern Blvd,Loxachatchee,FL,33470,HCA,H-EFL,East Florida,FLJ, Loxachatchee,13001 Southern Blvd Loxachatchee,26.683724,-80.2526164
18001023,26111,Sisters of Emmanuel,est,-5:00:00,Eastern Time Zone,MT56,Meditech 5.6,1,3663 South Miami Avenue,Miami,FL,33133,HCA,H-EFL,East Florida,FLB, Miami,3663 South Miami Avenue Miami,25.7400049,-80.213526
18000939,30933,HCA Florida Raulerson Hospital,est,-5:00:00,Eastern Time Zone,MT56,Meditech 5.6,1,1796 Hwy 441 North,Okeechobee,FL,34972,HCA,H-EFL,East Florida,FLK, Okeechobee,1796 Hwy 441 North Okeechobee,27.259774,-80.8284891
18001422,27550,HCA Florida University Hospital,est,-5:00:00,Eastern Time Zone,MT56,Meditech 5.6,1,3476 South University Drive,Davie,FL,33328,HCA,H-EFL,East Florida,FLB, Davie,3476 South University Drive Davie,26.0779435,-80.2510158
18001251,26950,HCA Florida Highlands Hospital,est,-5:00:00,Eastern Time Zone,MT56,Meditech 5.6,1,3600 South Highlands Avenue,Sebring,FL,33870,HCA,H-EFL,East Florida,FLK, Sebring,3600 South Highlands Avenue Sebring,27.4656135,-81.4329631
18000811,30995,HCA Florida Northwest Hospital,est,-5:00:00,Eastern Time Zone,MT56,Meditech 5.6,1,2801 N State Rd 7,Margate,FL,33063,HCA,H-EFL,East Florida,FLB, Margate,2801 N State Rd 7 Margate,26.2630016,-80.2027722
18000636,30932,HCA Florida Lawnwood Hospital,est,-5:00:00,Eastern Time Zone,MT56,Meditech 5.6,1,1700 S 23rd St,Fort Pierce,FL,34954,HCA,H-EFL,East Florida,FLK, Fort Pierce,1700 S 23rd St Fort Pierce,27.4315046,-80.3454073
18000722,26110,HCA Florida Mercy Hospital,est,-5:00:00,Eastern Time Zone,MT56,Meditech 5.6,1,3663 South Miami Avenue,Miami,FL,33133,HCA,H-EFL,East Florida,FLB, Miami,3663 South Miami Avenue Miami,25.7400049,-80.213526
18000596,3203,Jupiter Open Imaging (OR),est,-5:00:00,Eastern Time Zone,Unknown,Need to Identify,1,"875-N. Military Trail, Suite 101",Jupiter,FL,33458,HCA,H-EFL,East Florida,FLJ, Jupiter,"875-N. Military Trail, Suite 101 Jupiter",26.6903133,-80.1117698
18000601,35941,HCA Florida Kendall Hospital,est,-5:00:00,Eastern Time Zone,MT56,Meditech 5.6,1,11750 Bird Rd,Miami,FL,33175,HCA,H-EFL,East Florida,FLA, Miami,11750 Bird Rd Miami,25.7316502,-80.3858652
18000579,8647,Integrated Regional Rapid Response Lab,est,-5:00:00,Eastern Time Zone,Unknown,Need to Identify,1,300 East Las Olas Blvd,Ft. Lauderdale,FL,33301,HCA,H-EFL,East Florida,IRL, Ft. Lauderdale,300 East Las Olas Blvd Ft. Lauderdale,26.1191694,-80.1404527
18000589,37969,HCA Florida JFK Hospital,est,-5:00:00,Eastern Time Zone,MT56,Meditech 5.6,1,5301 South Congress Ave,Atlantis,FL,33462,HCA,H-EFL,East Florida,FLJ, Atlantis,5301 South Congress Ave Atlantis,26.5984585,-80.0909848
18000590,30923,HCA Florida JFK North Hospital,est,-5:00:00,Eastern Time Zone,MT56,Meditech 5.6,1,2201 45th St,West Palm Beach,FL,33407,HCA,H-EFL,East Florida,FLJ, West Palm Beach,2201 45th St West Palm Beach,26.7616551,-80.087801
18000249,35979,East Florida Division Hub Sites,est,-5:00:00,Eastern Time Zone,Unknown,Need to Identify,1,450 East Las Olas Blvd.. Suite 1100,Ft. Lauderdale,FL,33301,HCA,H-EFL,East Florida,*None, Ft. Lauderdale,450 East Las Olas Blvd.. Suite 1100 Ft. Lauderdale,26.118793,-80.138774
18000041,30920,HCA Florida Aventura Hospital,est,-5:00:00,Eastern Time Zone,MT56,Meditech 5.6,1,20900 Biscayne Blvd,Aventura,FL,33180,HCA,H-EFL,East Florida,FLE, Aventura,20900 Biscayne Blvd Aventura,25.9699432,-80.1454176
18000209,3190,Delray Open Imaging (OR),est,-5:00:00,Eastern Time Zone,Unknown,Need to Identify,1,"4800 Linton Blvd, Bldg C",Delray,FL,33445,HCA,H-EFL,East Florida,FLJ, Delray,"4800 Linton Blvd, Bldg C Delray",26.4375077,-80.1182246
18000178,3194,Concept Open Imaging (OR),est,-5:00:00,Eastern Time Zone,Unknown,Need to Identify,1,"2290 10th Ave North, Suite 101",West Palm Beach,FL,33461,HCA,H-EFL,East Florida,FLJ, West Palm Beach,"2290 10th Ave North, Suite 101 West Palm Beach",26.6272638,-80.0770283
18000250,25471,Far West Division Hub Sites,pst,-8:00:00,Pacific Time Zone,Unknown,Need to Identify,1,"2275 Corporate Circle, Suite 100",Henderson,NV,89074,HCA,H-FWD,Far West,*None, Henderson,"2275 Corporate Circle, Suite 100 Henderson",36.0269299,-115.0889486
18000450,30572,Good Samaritan Hospital,pst,-8:00:00,Pacific Time Zone,MT56,Meditech 5.6,1,2425 Samaritan Dr,San Jose,CA,95124,HCA,H-FWD,Far West,CAA, San Jose,2425 Samaritan Dr San Jose,37.2531634,-121.9474221
18000653,30555,Los Robles Hospital,pst,-8:00:00,Pacific Time Zone,MT56,Meditech 5.6,1,215 West Janss Rd,Thousand Oaks,CA,91360,HCA,H-FWD,Far West,CAC, Thousand Oaks,215 West Janss Rd Thousand Oaks,34.2067796,-118.8830898
18000956,8385,Regional Medical Center of San Jose,pst,-8:00:00,Pacific Time Zone,MT56,Meditech 5.6,1,225 North Jackson Ave,San Jose,CA,95116,HCA,H-FWD,Far West,CAA, San Jose,225 North Jackson Ave San Jose,37.3622057,-121.8489667
18000981,7150,Riverside Community Hospital,pst,-8:00:00,Pacific Time Zone,MT56,Meditech 5.6,1,4445 Magnolia Ave,Riverside,CA,92501,HCA,H-FWD,Far West,CAC, Riverside,4445 Magnolia Ave Riverside,33.9772213,-117.3815694
18000984,23013,Riverside Imaging Center,pst,-8:00:00,Pacific Time Zone,Unknown,Need to Identify,1,4000 14th Street Suite 109,Riverside,CA,92501,HCA,H-FWD,Far West,CAC, Riverside,4000 14th Street Suite 109 Riverside,33.9780762,-117.3829771
18001045,8967,Southern Hills Medical Center (Las Vegas),pst,-8:00:00,Pacific Time Zone,MT56,Meditech 5.6,1,9300 West Sunset Rd,Las Vegas,NV,89148,HCA,H-FWD,Far West,NVA, Las Vegas,9300 West Sunset Rd Las Vegas,36.0723796,-115.2949636
18001202,30504,West Hills Medical Center,pst,-8:00:00,Pacific Time Zone,MT56,Meditech 5.6,1,7300 Medical Center Dr,West Hills,CA,91307,HCA,H-FWD,Far West,CAC, West Hills,7300 Medical Center Dr West Hills,34.20296,-118.629088
18001122,32801,Sunrise Hospital and Medical Center,pst,-8:00:00,Pacific Time Zone,MT56,Meditech 5.6,1,3186 S Maryland Parkway,Las Vegas,NV,89109,HCA,H-FWD,Far West,NVA, Las Vegas,3186 S Maryland Parkway Las Vegas,36.1327154,-115.1358324
18001125,32819,Sunrise Mountain View Hospital,pst,-8:00:00,Pacific Time Zone,MT56,Meditech 5.6,1,3100 N Tenaya Way,Las Vegas,NV,89128,HCA,H-FWD,Far West,NVA, Las Vegas,3100 N Tenaya Way Las Vegas,36.21486,-115.2488442
18001143,39339,Texas Orthopedic Hospital,cst,-6:00:00,Central Time Zone,MT56,Meditech 5.6,1,7401 South Main,Houston,TX,77030,HCA,H-GCD,Gulf Coast,TXA, Houston,7401 South Main Houston,29.6731289,-95.4123074
18001148,9309,Thomas Span - Clinic,cst,-6:00:00,Central Time Zone,Unknown,Need to Identify,1,1533 South Brownlee,Corpus Christi,TX,78404,HCA,H-GCD,Gulf Coast,*None, Corpus Christi,1533 South Brownlee Corpus Christi,27.7750586,-97.4049653
18001203,34327,HCA Houston Healthcare West,cst,-6:00:00,Central Time Zone,MT56,Meditech 5.6,1,12141 Richmond Ave,Houston,TX,77082,HCA,H-GCD,Gulf Coast,TXA, Houston,12141 Richmond Ave Houston,29.7281608,-95.5938957
18001221,34319,Woman's Hospital of Texas,cst,-6:00:00,Central Time Zone,MT56,Meditech 5.6,1,7600 Fannin,Houston,TX,77054,HCA,H-GCD,Gulf Coast,TXA, Houston,7600 Fannin Houston,29.6942265,-95.4017108
18001184,37358,Valley Regional Medical Center,cst,-6:00:00,Central Time Zone,MT56,Meditech 5.6,1,100 A Alton Gloor Blvd,Brownsville,TX,78526,HCA,H-GCD,Gulf Coast,TXA, Brownsville,100 A Alton Gloor Blvd Brownsville,25.9780246,-97.5146344
18001154,26910,HCA Houston Healthcare Tomball,cst,-6:00:00,Central Time Zone,MT56,Meditech 5.6,1,605 Holderrieth Blvd,Tomball,TX,77375,HCA,H-GCD,Gulf Coast,TXQ, Tomball,605 Holderrieth Blvd Tomball,30.0874048,-95.6236173
18000975,34321,Rio Grande Regional Hospital,cst,-6:00:00,Central Time Zone,MT56,Meditech 5.6,1,101 E Ridge Rd,McAllen,TX,78503,HCA,H-GCD,Gulf Coast,TXA, McAllen,101 E Ridge Rd McAllen,26.186448,-98.2207185
18000890,26516,HCA Houston Healthcare Pearland,cst,-6:00:00,Central Time Zone,MT56,Meditech 5.6,1,11100 Shadow Creek Parkway,Pearland,TX,77584,HCA,H-GCD,Gulf Coast,TXA, Pearland,11100 Shadow Creek Parkway Pearland,29.5775464,-95.3901924
18001274,26925,HCA Houston Healthcare Medical Center,cst,-6:00:00,Central Time Zone,MT56,Meditech 5.6,1,1313 Hermann Drive,Houston,TX,77004,HCA,H-GCD,Gulf Coast,TXQ, Houston,1313 Hermann Drive Houston,29.72272,-95.3875428
18001276,26930,Plaza Specialty Hospital,cst,-6:00:00,Central Time Zone,MT56,Meditech 5.6,1,1300 Binz Street,Houston,TX,77004,HCA,H-GCD,Gulf Coast,TXQ, Houston,1300 Binz Street Houston,29.7235349,-95.3869747
18001278,26920,HCA Houston Healthcare Northwest,cst,-6:00:00,Central Time Zone,MT56,Meditech 5.6,1,710 Cypress Creek Parkway,Houston,TX,77090,HCA,H-GCD,Gulf Coast,TXQ, Houston,710 Cypress Creek Parkway Houston,30.0204601,-95.4425602
18001279,26915,HCA Houston Healthcare Cypress Fairbanks,cst,-6:00:00,Central Time Zone,Unknown,Need to Identify,1,10655 Steepletop Drive,Houston,TX,77065,HCA,H-GCD,Gulf Coast,TXQ, Houston,10655 Steepletop Drive Houston,29.9280405,-95.5889914
18001293,26985,HCA Houston Healthcare North Cypress,cst,-6:00:00,Central Time Zone,MT56,Meditech 5.6,1,21214 NW Freeway,Cypress,TX,77429,HCA,H-GCD,Gulf Coast,TXQ, Cypress,21214 NW Freeway Cypress,29.9250095,-95.6306816
18000659,37333,HCA Houston Healthcare Mainland,cst,-6:00:00,Central Time Zone,MT56,Meditech 5.6,1,6801 E.F. Lowry Expwy,Texas City,TX,77591,HCA,H-GCD,Gulf Coast,TXA, Texas City,6801 E.F. Lowry Expwy Texas City,29.3939725,-94.9858081
18000604,39233,HCA Houston Healthcare Kingwood,cst,-6:00:00,Central Time Zone,MT56,Meditech 5.6,1,22999 Hwy 59 North,Kingwood,TX,77339,HCA,H-GCD,Gulf Coast,TXA, Kingwood,22999 Hwy 59 North Kingwood,30.0500599,-95.2552222
18000188,8298,Corpus Christi Medical Center,cst,-6:00:00,Central Time Zone,MT56,Meditech 5.6,1,7105 S Padre Island Dr,Corpus Christi,TX,78412,HCA,H-GCD,Gulf Coast,TXA, Corpus Christi,7105 S Padre Island Dr Corpus Christi,27.6946341,-97.34467
18000332,38325,Division - Gulf Coast,cst,-6:00:00,Central Time Zone,Unknown,Need to Identify,1,"12610 West Airport Blvd
 
 Suite 150",Sugarland,TX,77478,HCA,H-GCD,Gulf Coast,*None, Sugarland,"12610 West Airport Blvd
 
 Suite 150 Sugarland",29.6481877,-95.6032539
18000182,38318,HCA Houston Healthcare Conroe,cst,-6:00:00,Central Time Zone,MT56,Meditech 5.6,1,504 Medical Center Blvd,Conroe,TX,77304,HCA,H-GCD,Gulf Coast,TXA, Conroe,504 Medical Center Blvd Conroe,30.2849346,-95.4677877
18000135,34336,HCA Houston Healthcare Clear Lake,cst,-6:00:00,Central Time Zone,MT56,Meditech 5.6,1,500 Medical Center Blvd,Webster,TX,77598,HCA,H-GCD,Gulf Coast,TXA, Webster,500 Medical Center Blvd Webster,29.5409984,-95.1280257
18000054,38340,HCA Houston Healthcare Southeast,cst,-6:00:00,Central Time Zone,MT56,Meditech 5.6,1,4000 Spencer Hwy,Pasadena,TX,77504,HCA,H-GCD,Gulf Coast,TXA, Pasadena,4000 Spencer Hwy Pasadena,29.6612447,-95.183783
18000185,14203,Corporate Enterprise Site,cst,-6:00:00,Central Time Zone,Unknown,Need to Identify,1,2555 Park Plaza,Nashville,TN,37202,HCA,H-CORP,HCA Corp,*None, Nashville,2555 Park Plaza Nashville,36.1494741,-86.8195019
18000438,4446,General Hospital,cst,-6:00:00,Central Time Zone,MT56,Meditech 5.6,1,2555 Park Plaza,Nashville,TN,37203,HCA,H-CORP,HCA Corp,KYA, Nashville,2555 Park Plaza Nashville,36.1494741,-86.8195019
18001310,26249,HealthTrust,cst,-6:00:00,Central Time Zone,Unknown,Need to Identify,1,1100 Charlotte Ave Suite 1100,Nashville,TN,37203,HCA,H-CORP,HCA Corp,*None, Nashville,1100 Charlotte Ave Suite 1100 Nashville,36.1624315,-86.7915446
18001272,958,Physician Services Group - PSG,cst,-6:00:00,Central Time Zone,Unknown,Need to Identify,1,One Park Plaza,Nashville,TN,37202,HCA,H-CORP,HCA Corp,*None, Nashville,One Park Plaza Nashville,36.1508208,-86.8167909
18000196,8950,SSC - Dallas,cst,-6:00:00,Central Time Zone,Unknown,Need to Identify,1,10030 Macarthur Blvd,Irving,TX,75063,HCA,HSC,HSC,*None, Irving,10030 Macarthur Blvd Irving,32.9417977,-96.9509412
18000126,26600,SSC - Cincinnati,est,-5:00:00,Eastern Time Zone,Unknown,Need to Identify,1,xxx,Cincinnati,OH,x,HCA,HSC,HSC,*None, Cincinnati,xxx Cincinnati,39.1031182,-84.5120196
18000516,8591,SSC - Atlanta,est,-5:00:00,Eastern Time Zone,Unknown,Need to Identify,1,5707 Peachtree Pkwy.,Norcross,GA,30092,HCA,HSC,HSC,*None, Norcross,5707 Peachtree Pkwy. Norcross,33.9645387,-84.2256566
18000518,8948,SSC - Houston,cst,-6:00:00,Central Time Zone,Unknown,Need to Identify,1,8101 W. Sam Houston Parkway,Houston,TX,77072,HCA,HSC,HSC,*None, Houston,8101 W. Sam Houston Parkway Houston,29.6919563,-95.5560674
18000519,8942,SSC - Nashville,cst,-6:00:00,Central Time Zone,Unknown,Need to Identify,1,552 Metroplex Dr.,Nashville,TN,37211,HCA,HSC,HSC,*None, Nashville,552 Metroplex Dr. Nashville,36.0942439,-86.7025443
18000520,8945,SSC - Orange Park,est,-5:00:00,Eastern Time Zone,Unknown,Need to Identify,1,335 Crossing Blvd,Orange Park,FL,32073,HCA,HSC,HSC,*None, Orange Park,335 Crossing Blvd Orange Park,30.1878408,-81.7158895
18000521,8648,SSC - Richmond,est,-5:00:00,Eastern Time Zone,Unknown,Need to Identify,1,7300 Beaufont Springs Dr.,Richmond,VA,23225,HCA,HSC,HSC,*None, Richmond,7300 Beaufont Springs Dr. Richmond,37.5061214,-77.5281756
18000522,8947,SSC - Tampa Bay,est,-5:00:00,Eastern Time Zone,Unknown,Need to Identify,1,6451 - 126th Avenue North,Largo,FL,33773,HCA,HSC,HSC,*None, Largo,6451 - 126th Avenue North Largo,27.8880841,-82.7248513
18000523,8949,SSC - San Antonio,cst,-6:00:00,Central Time Zone,Unknown,Need to Identify,1,6000 Northwest Pkwy. Ste 124,San Antonio,TX,78249,HCA,HSC,HSC,*None, San Antonio,6000 Northwest Pkwy. Ste 124 San Antonio,29.5516634,-98.5991561
18000486,24254,HCA MidAmerica North (College Park),cst,-6:00:00,Central Time Zone,Unknown,Need to Identify,1,10500 Quivira Road,Overland Park,KS,66215,HCA,H-MAD,MidAmerica,*None, Overland Park,10500 Quivira Road Overland Park,38.9374454,-94.7265402
18000608,9721,Lafayette Regional Health Center,cst,-6:00:00,Central Time Zone,MT56,Meditech 5.6,1,1500 State Street,Lexington,MO,64067,HCA,H-MAD,MidAmerica,KSA, Lexington,1500 State Street Lexington,38.0405837,-84.5037164
18000638,9724,Lee's Summit Medical Center,cst,-6:00:00,Central Time Zone,MT56,Meditech 5.6,1,2100 SE Blue Parkway,Lee's Summit,MO,64063,HCA,H-MAD,MidAmerica,KSA, Lee's Summit,2100 SE Blue Parkway Lee's Summit,38.9037545,-94.3329139
18000719,9723,Menorah Medical Center,cst,-6:00:00,Central Time Zone,MT56,Meditech 5.6,1,5721 W. 119th Street,Overland Park,KS,66209,HCA,H-MAD,MidAmerica,KSA, Overland Park,5721 W. 119th Street Overland Park,38.9104942,-94.6515735
18000851,9722,Overland Park Reg Medical Center,cst,-6:00:00,Central Time Zone,MT56,Meditech 5.6,1,10500 Quivira,Overland Park,KS,66215,HCA,H-MAD,MidAmerica,KSA, Overland Park,10500 Quivira Overland Park,38.9374454,-94.7265402
18000112,25159,Centerpoint Medical Center,cst,-6:00:00,Central Time Zone,MT56,Meditech 5.6,1,19600 E 39th Street,Independence,MO,64057,HCA,H-MAD,MidAmerica,KSA, Independence,19600 E 39th Street Independence,39.0494309,-94.3494482
18000253,25024,MidAmerica Division Hub Sites,cst,-6:00:00,Central Time Zone,Unknown,Need to Identify,1,129 New Camellia Bldv,Covington,LA,70433,HCA,H-MAD,MidAmerica,*None, Covington,129 New Camellia Bldv Covington,30.4551605,-90.1732001
18000960,9728,Belton Regional Medical Center,cst,-6:00:00,Central Time Zone,MT56,Meditech 5.6,1,17065 S. 71 Highway,Kansas City,MO,64012,HCA,H-MAD,MidAmerica,KSA, Kansas City,17065 S. 71 Highway Kansas City,39.0874846,-94.7434951
18000963,9727,Research Medical Center,cst,-6:00:00,Central Time Zone,MT56,Meditech 5.6,1,2316 E. Meyer Blvd.,Kansas City,MO,64132,HCA,H-MAD,MidAmerica,KSA, Kansas City,2316 E. Meyer Blvd. Kansas City,39.0088034,-94.5580906
18001005,34407,St. Mark's Hospital,mst,-7:00:00,Mountain Time Zone,EPIC,EPIC,1,1200 E 3900 South,Salt Lake City,UT,84124,HCA,H-MTN,Mountain,UTA, Salt Lake City,1200 E 3900 South Salt Lake City,40.6860946,-111.8572072
18001207,25862,West Valley Imaging,mst,-7:00:00,Mountain Time Zone,MT56,Meditech 5.6,1,3715 W. 4100 S,West Valley,UT,84120,HCA,H-MTN,Mountain,UTA, West Valley,3715 W. 4100 S West Valley,40.6812055,-111.9793016
18001209,31201,West Valley Medical Center,mst,-7:00:00,Mountain Time Zone,MT56,Meditech 5.6,1,1717 Arlington Ave,Caldwell,ID,83605,HCA,H-MTN,Mountain,IDB, Caldwell,1717 Arlington Ave Caldwell,43.654411,-116.6946743
18001153,34426,Timpanogos Regional Medical Center,mst,-7:00:00,Mountain Time Zone,MT56,Meditech 5.6,1,750 W 800 North,Orem,UT,84059,HCA,H-MTN,Mountain,UTA, Orem,750 W 800 North Orem,40.3134801,-111.7135983
18000331,34417,Mountain Division Hub Sites,mst,-7:00:00,Mountain Time Zone,Unknown,Need to Identify,1,"6360 South 3000 East
 
 Suite 210",Salt Lake City,UT,84121,HCA,H-MTN,Mountain,*None, Salt Lake City,"6360 South 3000 East
 
 Suite 210 Salt Lake City",40.6339401,-111.8067169
18000356,31202,Eastern Idaho Regional Medical Center,mst,-7:00:00,Mountain Time Zone,MT56,Meditech 5.6,1,3100 Channing Way,Idaho Falls,ID,83404,HCA,H-MTN,Mountain,IDA, Idaho Falls,3100 Channing Way Idaho Falls,43.4699425,-111.9921783
18000077,34410,Brigham City Community Hospital,mst,-7:00:00,Mountain Time Zone,MT56,Meditech 5.6,1,950 S 500 West,Brigham City,UT,84302,HCA,H-MTN,Mountain,UTA, Brigham City,950 S 500 West Brigham City,41.4929451,-112.0239599
18000013,30201,Alaska Regional Hospital,akst,-9:00:00,Alaska Time Zone,EPIC,EPIC,1,2801 DeBarr Rd,Anchorage,AK,99508,HCA,H-MTN,Mountain,MTN, Anchorage,2801 DeBarr Rd Anchorage,61.2106154,-149.8285245
18000085,26700,Cache Valley Hospital,mst,-7:00:00,Mountain Time Zone,MT56,Meditech 5.6,1,2380 North 400 East,North Logan,UT,84341,HCA,H-MTN,Mountain,UTA, North Logan,2380 North 400 East North Logan,41.7754843,-111.821366
18000823,25860,Ogden Imaging Center,mst,-7:00:00,Mountain Time Zone,Unknown,Need to Identify,1,5322 S. 400 E. Washington Terrace,Ogden,UT,84405,HCA,H-MTN,Mountain,UTA, Ogden,5322 S. 400 E. Washington Terrace Ogden,41.1670981,-111.9702672
18000825,34415,Ogden Regional Medical Center,mst,-7:00:00,Mountain Time Zone,MT56,Meditech 5.6,1,5475 S 500 East,Ogden,UT,84405,HCA,H-MTN,Mountain,UTA, Ogden,5475 S 500 East Ogden,41.1645704,-111.9703209
18000745,9490,Millcreek Imaging Center,mst,-7:00:00,Mountain Time Zone,MT56,Meditech 5.6,1,3738 South 900 East,Salt Lake City,UT,84106,HCA,H-MTN,Mountain,UTA, Salt Lake City,3738 South 900 East Salt Lake City,40.6901445,-111.8660739
18000752,34409,Mountain View Hospital,mst,-7:00:00,Mountain Time Zone,MT56,Meditech 5.6,1,1000 E Hwy 6,Payson,UT,84651,HCA,H-MTN,Mountain,UTA, Payson,1000 E Hwy 6 Payson,40.0435822,-111.7323853
18000649,25016,Lone Peak Hospital,mst,-7:00:00,Mountain Time Zone,EPIC,EPIC,1,11620 South State Street,Draper,UT,84020,HCA,H-MTN,Mountain,UTA, Draper,11620 South State Street Draper,40.5402133,-111.8913667
18000621,34411,Lakeview Hospital,mst,-7:00:00,Mountain Time Zone,MT56,Meditech 5.6,1,630 E Medical Dr,Bountiful,UT,84010,HCA,H-MTN,Mountain,UTA, Bountiful,630 E Medical Dr Bountiful,40.7694634,-111.8311983
18001311,27600,North Carolina Division Hub Sites,est,-5:00:00,Eastern Time Zone,Unknown,Need to Identify,1,12 Ardmore Street,Asheville,NC,28803,HCA,H-NCD,North Carolina,*None, Asheville,12 Ardmore Street Asheville,35.542049,-82.5283426
18001328,27610,Mission Memorial Hospital,est,-5:00:00,Eastern Time Zone,Cerner,Cerner,1,509 Biltmore Ave,Ashville,NC,28801,HCA,H-NCD,North Carolina,*None, Ashville,509 Biltmore Ave Ashville,35.5768587,-82.5491717
18001332,27625,Angel Medical Center,est,-5:00:00,Eastern Time Zone,Cerner,Cerner,1,120 Riverview Street,Franklin,NC,28734,HCA,H-NCD,North Carolina,*None, Franklin,120 Riverview Street Franklin,33.2735653,-85.1106731
18001333,27635,Blue Ridge Regional Hospital,est,-5:00:00,Eastern Time Zone,Cerner,Cerner,1,125 Hospital Drive,Spruce Pine,NC,28777,HCA,H-NCD,North Carolina,*None, Spruce Pine,125 Hospital Drive Spruce Pine,35.910751,-82.062959
18001334,27645,Ashville Specialty Hospital,est,-5:00:00,Eastern Time Zone,Cerner,Cerner,1,428 Biltmore Ave,Asheville,NC,28801,HCA,H-NCD,North Carolina,*None, Asheville,428 Biltmore Ave Asheville,35.5805908,-82.5500731
18001335,27620,McDowell Hospital,est,-5:00:00,Eastern Time Zone,Cerner,Cerner,1,430 Rankin Drive,Marion,NC,28752,HCA,H-NCD,North Carolina,*None, Marion,430 Rankin Drive Marion,35.6635348,-82.0279883
18001336,27630,Transylvania Community Hospital,est,-5:00:00,Eastern Time Zone,Cerner,Cerner,1,26 Hospital Drive,Brevard,NC,28712,HCA,H-NCD,North Carolina,*None, Brevard,26 Hospital Drive Brevard,35.2563039,-82.7150362
18001337,27640,Highland-Cashiers Hospital,est,-5:00:00,Eastern Time Zone,Cerner,Cerner,1,190 Hospital Drive,Highlands,NC,28741,HCA,H-NCD,North Carolina,*None, Highlands,190 Hospital Drive Highlands,35.0864355,-83.1861397
18001338,27650,CarePartners Rehab Hospital,est,-5:00:00,Eastern Time Zone,Cerner,Cerner,1,260 Crestland Road,Ashville,NC,28803,HCA,H-NCD,North Carolina,*None, Ashville,260 Crestland Road Ashville,35.5590551,-82.5319276
18001173,30948,Twin Cities Hospital,cst,-6:00:00,Central Time Zone,MT56,Meditech 5.6,1,2190 Hwy 85 North,Niceville,FL,32578,HCA,H-NFL,North Florida,FLI, Niceville,2190 Hwy 85 North Niceville,30.5168639,-86.482172
18001353,25736,Invision Imaging Center Lake City,est,-5:00:00,Eastern Time Zone,MT56,Meditech 5.6,1,"3140 NW Medical Center Lane, Suite 100",Lake City,FL,32055,HCA,H-NFL,North Florida,FLL, Lake City,"3140 NW Medical Center Lane, Suite 100 Lake City",30.1822267,-82.6877473
18001354,8906,Invision North Florida Outpatient Imaging Center,est,-5:00:00,Eastern Time Zone,MT56,Meditech 5.6,1,6605 NW 9th Blvd,Gainesville,FL,32605,HCA,H-NFL,North Florida,FLL, Gainesville,6605 NW 9th Blvd Gainesville,29.6630545,-82.4127612
18001363,26895,UCF Lake Nona Medical Center,est,-5:00:00,Eastern Time Zone,MT56,Meditech 5.6,1,6680 Lake Nona Blvd,Orlando,FL,32827,HCA,H-NFL,North Florida,FLF, Orlando,6680 Lake Nona Blvd Orlando,28.368607,-81.286395
18001200,30928,HCA Florida West Hospital,cst,-6:00:00,Central Time Zone,MT56,Meditech 5.6,1,8383 Davis Hwy,Pensacola,FL,32514,HCA,H-NFL,North Florida,FLI, Pensacola,8383 Davis Hwy Pensacola,30.5157973,-87.2181288
18000900,26450,Poinciana Medical Center,est,-5:00:00,Eastern Time Zone,MT56,Meditech 5.6,1,325 Cypress Parkway,Kissimmee,FL,34758,HCA,H-NFL,North Florida,FLF, Kissimmee,325 Cypress Parkway Kissimmee,28.1442646,-81.4766431
18000927,26760,Putnam Community Medical Center,est,-5:00:00,Eastern Time Zone,MT56,Meditech 5.6,1,Hwy 20 West,Palatka,FL,32177,HCA,H-NFL,North Florida,FLN, Palatka,Hwy 20 West Palatka,29.6415156,-81.6641699
18000611,37938,Lake City Medical Center,est,-5:00:00,Eastern Time Zone,MT56,Meditech 5.6,1,340 NW Commerce Dr.,Lake City,FL,32055,HCA,H-NFL,North Florida,FLL, Lake City,340 NW Commerce Dr. Lake City,30.1835674,-82.6876629
18000606,3118,"LAD Imaging LLC, Deltona",est,-5:00:00,Eastern Time Zone,MT56,Meditech 5.6,1,1555 Saxon Blvd,Deltona,FL,33613,HCA,H-NFL,North Florida,FLF, Deltona,1555 Saxon Blvd Deltona,28.9047973,-81.2449342
18000470,30930,Gulf Coast Medical Center - Panama City,cst,-6:00:00,Central Time Zone,MT56,Meditech 5.6,1,449 W 23rd St,Panama City,FL,32405,HCA,H-NFL,North Florida,FLI, Panama City,449 W 23rd St Panama City,30.1882349,-85.6646402
18000854,26750,Oviedo Medical Center,est,-5:00:00,Eastern Time Zone,MT56,Meditech 5.6,1,8350 Red Bug Lake Road,Oviedo,FL,32765,HCA,H-NFL,North Florida,FLF, Oviedo,8350 Red Bug Lake Road Oviedo,28.6560481,-81.2280296
18000819,30927,Ocala Regional Medical Center,est,-5:00:00,Eastern Time Zone,MT56,Meditech 5.6,1,1431 SW 1st Ave,Ocala,FL,34474,HCA,H-NFL,North Florida,FLL, Ocala,1431 SW 1st Ave Ocala,29.1755319,-82.1367891
18000848,30902,Osceola Regional Medical Center,est,-5:00:00,Eastern Time Zone,MT56,Meditech 5.6,1,700 West Oak St,Kissimmee,FL,34741,HCA,H-NFL,North Florida,FLF, Kissimmee,700 West Oak St Kissimmee,28.299468,-81.4095251
18000776,3392,North Florida Cancer Center-Live Oak,est,-5:00:00,Eastern Time Zone,MT56,Meditech 5.6,1,1500 Ohio Ave North,Live Oak,FL,32060,HCA,H-NFL,North Florida,FLL, Live Oak,1500 Ohio Ave North Live Oak,30.3100962,-82.9753153
18000777,3395,North Florida Cancer Center-Lake City,est,-5:00:00,Eastern Time Zone,MT56,Meditech 5.6,1,795 SW State Road 47,Lake City,FL,32025,HCA,H-NFL,North Florida,FLL, Lake City,795 SW State Road 47 Lake City,30.1603086,-82.6445081
18000779,3388,North Florida Cancer Center-Tallahassee,est,-5:00:00,Eastern Time Zone,MT56,Meditech 5.6,1,2003 Centre Point Blvd,Tallahassee,FL,32308,HCA,H-NFL,North Florida,FLI, Tallahassee,2003 Centre Point Blvd Tallahassee,30.4725535,-84.2371762
18000780,25160,North Florida Radiation Oncology - Gainesville,est,-5:00:00,Eastern Time Zone,MT56,Meditech 5.6,1,1021 NW 64th Terrace,Gainesville,FL,32605,HCA,H-NFL,North Florida,FLL, Gainesville,1021 NW 64th Terrace Gainesville,29.662341,-82.4105169
18000782,30916,North Florida Regional Medical Center,est,-5:00:00,Eastern Time Zone,MT56,Meditech 5.6,1,6500 Newberry Rd,Gainesville,FL,32605,HCA,H-NFL,North Florida,FLL, Gainesville,6500 Newberry Rd Gainesville,29.6602898,-82.4115724
18000094,30954,HCA Florida Capital Hospital,est,-5:00:00,Eastern Time Zone,MT56,Meditech 5.6,1,2626 Capital Medical Blvd,Tallahassee,FL,32308,HCA,H-NFL,North Florida,FLI, Tallahassee,2626 Capital Medical Blvd Tallahassee,30.4759907,-84.231996
18000005,26114,Advanced Imaging Center,est,-5:00:00,Eastern Time Zone,MT56,Meditech 5.6,1,"2300 SE 17th Street, Suite 800",Ocala,FL,34471,HCA,H-NFL,North Florida,FLL, Ocala,"2300 SE 17th Street, Suite 800 Ocala",29.1708786,-82.1072958
18000115,30953,Central Florida Regional Hospital,est,-5:00:00,Eastern Time Zone,MT56,Meditech 5.6,1,1401 W Seminole Blvd,Sanford,FL,32771,HCA,H-NFL,North Florida,FLF, Sanford,1401 W Seminole Blvd Sanford,28.8147229,-81.2836626
18000260,25474,North Florida Division,est,-5:00:00,Eastern Time Zone,Unknown,Need to Identify,1,"1701 Hermitage Blvd, Ste 201",Tallahassee,FL,32308,HCA,H-NFL,North Florida,*None, Tallahassee,"1701 Hermitage Blvd, Ste 201 Tallahassee",30.4874,-84.2475712
18000426,30909,Fort Walton Beach Medical Center,cst,-6:00:00,Central Time Zone,MT56,Meditech 5.6,1,1000 Marwalt Dr,Fort Walton Beach,FL,32547,HCA,H-NFL,North Florida,FLI, Fort Walton Beach,1000 Marwalt Dr Fort Walton Beach,30.4547907,-86.633711
18000261,31790,North Texas Division Hub Sites,cst,-6:00:00,Central Time Zone,Unknown,Need to Identify,1,"1151 Enterprise Drive, Suite 200A",Coppell,TX,75019,HCA,H-NTX,North Texas,*None, Coppell,"1151 Enterprise Drive, Suite 200A Coppell",32.9409437,-97.0039845
18000215,38329,Medical City Denton,cst,-6:00:00,Central Time Zone,MT56,Meditech 5.6,1,3535 South I-35 East,Denton,TX,76210,HCA,H-NTX,North Texas,TXG, Denton,3535 South I-35 East Denton,33.1778414,-97.0910274
18000217,3213,Denton Regional Radiation Oncology,cst,-6:00:00,Central Time Zone,MT56,Meditech 5.6,1,"3537 S I-35E, Suite 111",Denton,TX,76107,HCA,H-NTX,North Texas,TXG, Denton,"3537 S I-35E, Suite 111 Denton",33.1769567,-97.0910876
18000783,34329,Medical City North Hills,cst,-6:00:00,Central Time Zone,MT56,Meditech 5.6,1,4401 Booth Calloway Rd,North Richland Hills,TX,76180,HCA,H-NTX,North Texas,TXG, North Richland Hills,4401 Booth Calloway Rd North Richland Hills,32.8294677,-97.2135504
18000773,38333,Medical City McKinney,cst,-6:00:00,Central Time Zone,MT56,Meditech 5.6,1,4500 Medical Center Dr,McKinney,TX,75069,HCA,H-NTX,North Texas,TXG, McKinney,4500 Medical Center Dr McKinney,33.159112,-96.6358996
18000675,34372,Medical City Lewisville,cst,-6:00:00,Central Time Zone,MT56,Meditech 5.6,1,500 W Main St,Lewisville,TX,75057,HCA,H-NTX,North Texas,TXG, Lewisville,500 W Main St Lewisville,33.0452646,-97.0046562
18000629,6742,Medical City Las Colinas,cst,-6:00:00,Central Time Zone,MT56,Meditech 5.6,1,6800 N McArthur Blvd,Irving,TX,75039,HCA,H-NTX,North Texas,TXG, Irving,6800 N McArthur Blvd Irving,32.9015978,-96.9568981
18000459,7126,Medical City Green Oaks Hosp,cst,-6:00:00,Central Time Zone,MT56,Meditech 5.6,1,7808 Clodus Fields Drive,Dallas,TX,75251,HCA,H-NTX,North Texas,TXG, Dallas,7808 Clodus Fields Drive Dallas,32.9128379,-96.7714007
18000680,25121,Medical City Alliance,cst,-6:00:00,Central Time Zone,MT56,Meditech 5.6,1,3101 North Tarrant County Parkway,Fort Worth,TX,76177,HCA,H-NTX,North Texas,TXG, Fort Worth,3101 North Tarrant County Parkway Fort Worth,32.7732044,-97.3516558
18000682,34309,Medical Center Arlington,cst,-6:00:00,Central Time Zone,MT56,Meditech 5.6,1,3301 Matlock Rd,Arlington,TX,76015,HCA,H-NTX,North Texas,TXG, Arlington,3301 Matlock Rd Arlington,32.6924623,-97.1129675
18000691,34310,Medical City Plano,cst,-6:00:00,Central Time Zone,MT56,Meditech 5.6,1,3901 W 15th St,Plano,TX,75075,HCA,H-NTX,North Texas,TXG, Plano,3901 W 15th St Plano,33.021236,-96.766105
18000694,34325,Medical City Dallas,cst,-6:00:00,Central Time Zone,MT56,Meditech 5.6,1,7777 Forest Lane,Dallas,TX,75230,HCA,H-NTX,North Texas,TXG, Dallas,7777 Forest Lane Dallas,32.9112975,-96.7741046
18000695,26790,Medical City Frisco,cst,-6:00:00,Central Time Zone,MT56,Meditech 5.6,1,5500 Frisco Square Blvd,Frisco,TX,75034,HCA,H-NTX,North Texas,TXG, Frisco,5500 Frisco Square Blvd Frisco,33.1510363,-96.8389524
18000937,31840,Rapides Regional Medical Center,cst,-6:00:00,Central Time Zone,MT56,Meditech 5.6,1,211 Fourth St,Alexandria,LA,71301,HCA,H-NTX,North Texas,LAA, Alexandria,211 Fourth St Alexandria,#VALUE!,
18000898,34318,Medical City Forth Worth,cst,-6:00:00,Central Time Zone,MT56,Meditech 5.6,1,900 Eighth Ave,Ft. Worth,TX,76104,HCA,H-NTX,North Texas,TXG, Ft. Worth,900 Eighth Ave Ft. Worth,32.7358538,-97.3454149
18001373,27505,North Texas Simulation Center,cst,-6:00:00,Central Time Zone,None,No EMR,1,"3201 Dallas Pkwy, Suite 900",Frisco,TX,75034,HCA,H-NTX,North Texas,*None, Frisco,"3201 Dallas Pkwy, Suite 900 Frisco",33.1047189,-96.8239625
18001319,26830,Medical City Heart & Spine,cst,-6:00:00,Central Time Zone,MT56,Meditech 5.6,1,11990 N Central Expy,Dallas,TX,75243,HCA,H-NTX,North Texas,TXG, Dallas,11990 N Central Expy Dallas,32.9128253,-96.7668726
18001234,26935,Medical City Weatherford,cst,-6:00:00,Central Time Zone,MT56,Meditech 5.6,1,713 East Anderson Street,Weatherford,TX,76086,HCA,H-NTX,North Texas,TXG, Weatherford,713 East Anderson Street Weatherford,32.7481906,-97.7856497
18001285,1079,IRL - East Florida,est,-5:00:00,Eastern Time Zone,Unknown,Need to Identify,1,5361 NW 33rd Avenue,Ft. Lauderdale,FL,33309,HCA,PSG,Physician Services Group,IRL, Ft. Lauderdale,5361 NW 33rd Avenue Ft. Lauderdale,26.1927819,-80.1932136
18000007,27495,AirLife,mst,-7:00:00,Mountain Time Zone,MT56,Meditech 5.6,1,"750 Potomac Street, Suite 201",Aurora,CO,80011,HCA,PSG,Physician Services Group,COA, Aurora,"750 Potomac Street, Suite 201 Aurora",39.7286909,-104.8274947
18000264,38307,San Antonio Division Hub Sites,cst,-6:00:00,Central Time Zone,Unknown,Need to Identify,1,8109 Fredericksburg Rd,San Antonio,TX,78229,HCA,H-SAN,San Antonio,*None, San Antonio,8109 Fredericksburg Rd San Antonio,29.5135345,-98.5723592
18000726,54327,Methodist Ambulatory Surgery Hospital,cst,-6:00:00,Central Time Zone,MT56,Meditech 5.6,1,9150 Huebner Rd,San Antonio,TX,78240,HCA,H-SAN,San Antonio,TXF, San Antonio,9150 Huebner Rd San Antonio,29.5269961,-98.5950259
18000729,34335,Methodist Speciality and Transplant,cst,-6:00:00,Central Time Zone,MT56,Meditech 5.6,1,8026 Floyd Curl Dr,San Antonio,TX,78229,HCA,H-SAN,San Antonio,TXF, San Antonio,8026 Floyd Curl Dr San Antonio,29.5134933,-98.5767405
18000732,3132,Methodist Stone Oak Hospital,cst,-6:00:00,Central Time Zone,MT56,Meditech 5.6,1,1139 E. Sonterra Blvd,San Antonio,TX,78258,HCA,H-SAN,San Antonio,TXF, San Antonio,1139 E. Sonterra Blvd San Antonio,29.6162229,-98.4743864
18000733,26109,Methodist Texsan Hospital,cst,-6:00:00,Central Time Zone,MT56,Meditech 5.6,1,6700 IH 10 West,San Antonio,TX,78201,HCA,H-SAN,San Antonio,TXF, San Antonio,6700 IH 10 West San Antonio,29.6557786,-98.6255196
18000736,34392,Metropolitan Methodist Hospital,cst,-6:00:00,Central Time Zone,MT56,Meditech 5.6,1,1310 McCullough,San Antonio,TX,78212,HCA,H-SAN,San Antonio,TXF, San Antonio,1310 McCullough San Antonio,29.4422578,-98.4915353
18000794,34385,Northeast Methodist Hospital,cst,-6:00:00,Central Time Zone,MT56,Meditech 5.6,1,12412 Judson Rd,Live Oak,TX,78233,HCA,H-SAN,San Antonio,TXF, Live Oak,12412 Judson Rd Live Oak,29.552293,-98.3482908
18001250,19678,Cardiology Clinic of San Antonio,cst,-6:00:00,Central Time Zone,Unknown,Need to Identify,1,"4411 Medical Drive, #300",San Antonio,TX,78229,HCA,H-SAN,San Antonio,*None, San Antonio,"4411 Medical Drive, #300 San Antonio",29.5102306,-98.5727839
18001038,26890,Methodist Hospital South,cst,-6:00:00,Central Time Zone,MT56,Meditech 5.6,1,1905 Texas 91,Jourdanton,TX,78026,HCA,H-SAN,San Antonio,TXF, Jourdanton,1905 Texas 91 Jourdanton,28.9180294,-98.5464068
18001227,39385,Womens and Children's Hospital,cst,-6:00:00,Central Time Zone,MT56,Meditech 5.6,1,7700 Floyd Curl Dr,San Antonio,TX,78229,HCA,H-SAN,San Antonio,TXF, San Antonio,7700 Floyd Curl Dr San Antonio,29.5074274,-98.5724375
18001163,34001,Trident Regional Medical Center,est,-5:00:00,Eastern Time Zone,MT56,Meditech 5.6,1,9330 Medical Plaza Dr,Charleston,SC,39406,HCA,H-SAD,South Atlantic,SCA, Charleston,9330 Medical Plaza Dr Charleston,32.9762771,-80.0736231
18001063,36956,Specialty Hospital Jacksonville,est,-5:00:00,Eastern Time Zone,Unknown,Need to Identify,1,4901 Richard St P.O. Box 10398,Jacksonville,FL,32207,HCA,H-SAD,South Atlantic,FLH, Jacksonville,4901 Richard St P.O. Box 10398 Jacksonville,30.2715598,-81.6153244
18001268,26960,Memorial University Medical Center,est,-5:00:00,Eastern Time Zone,EPIC,EPIC,1,4700 Waters Avenue,Savannah,GA,31404,HCA,H-SAD,South Atlantic,*None, Savannah,4700 Waters Avenue Savannah,32.0306909,-81.088228
18001431,27930,Memorial Health Meadows Hospital,est,-5:00:00,Eastern Time Zone,MT6x,Meditech 6.x/Expanse,1,One Meadows Parkway,Vidalia,GA,30474,HCA,H-SAD,South Atlantic,HCACRD, Vidalia,One Meadows Parkway Vidalia,32.2087677,-82.3774077
18001459,27995,Live Oak Mental Health and Wellness,est,-5:00:00,Eastern Time Zone,MT56,Meditech 5.6,1,3445 Ingleside Blvd,Ladson,SC,29456,HCA,H-SAD,South Atlantic,SCA, Ladson,3445 Ingleside Blvd Ladson,32.9690611,-80.0873104
18000843,30913,Orange Park Medical Center,est,-5:00:00,Eastern Time Zone,MT56,Meditech 5.6,1,2001 Kingsley Ave,Orange Park,FL,32073,HCA,H-SAD,South Atlantic,FLH, Orange Park,2001 Kingsley Ave Orange Park,30.1660847,-81.7381706
18000718,26870,Memorial of Satilla,est,-5:00:00,Eastern Time Zone,MT6x,Meditech 6.x/Expanse,1,1900 Tabeau Street,Waycross,GA,31501,HCA,H-SAD,South Atlantic,HCACRD, Waycross,1900 Tabeau Street Waycross,31.2249049,-82.3477321
18000710,36957,Memorial Hospital of Jacksonville,est,-5:00:00,Eastern Time Zone,MT56,Meditech 5.6,1,3625 University Blvd,Jacksonville,FL,32216,HCA,H-SAD,South Atlantic,FLH, Jacksonville,3625 University Blvd Jacksonville,30.28838,-81.6013329
18000274,26685,South Atlantic Division Hub Sites,est,-5:00:00,Eastern Time Zone,Unknown,Need to Identify,1,115 Central Island St Suite 400,Charleston,SC,29492,HCA,H-SAD,South Atlantic,*None, Charleston,115 Central Island St Suite 400 Charleston,32.864019,-79.9076384
18000411,31054,Fairview Park Hospital,est,-5:00:00,Eastern Time Zone,MT56,Meditech 5.6,1,200 Industrial Blvd,Dublin,GA,31021,HCA,H-SAD,South Atlantic,GAA, Dublin,200 Industrial Blvd Dublin,32.5307736,-82.9514581
18000453,34003,Grand Strand Regional Medical Center,est,-5:00:00,Eastern Time Zone,MT56,Meditech 5.6,1,809 82nd Pkwy,Myrtle Beach,SC,29572,HCA,H-SAD,South Atlantic,SCA, Myrtle Beach,809 82nd Pkwy Myrtle Beach,33.7586565,-78.8190417
18000034,31003,Doctors Hospital of Augusta,est,-5:00:00,Eastern Time Zone,MT56,Meditech 5.6,1,3651 Wheeler Rd,Augusta,GA,30909,HCA,H-SAD,South Atlantic,GAA, Augusta,3651 Wheeler Rd Augusta,33.4862515,-82.0956054
18000151,34011,Colleton Medical Center,est,-5:00:00,Eastern Time Zone,MT56,Meditech 5.6,1,501 Robertson Blvd,Walterboro,SC,29488,HCA,H-SAD,South Atlantic,SCA, Walterboro,501 Robertson Blvd Walterboro,32.9232937,-80.669593
18000078,9799,Brooks Rehab Center,est,-5:00:00,Eastern Time Zone,MT56,Meditech 5.6,1,3599 University Blvd. South,Jacksonville,FL,32216,HCA,H-SAD,South Atlantic,FLH, Jacksonville,3599 University Blvd. South Jacksonville,30.2906234,-81.6007622
18000396,8756,CSC - Atlanta Warehouse,est,-5:00:00,Eastern Time Zone,Unknown,Need to Identify,1,"1500 Southpoint Drive, Suite 100",Forest Park,GA,30297,HCA,CSC,Supply Chain,*None, Forest Park,"1500 Southpoint Drive, Suite 100 Forest Park",33.6333966,-84.3832808
18000397,26346,CSC - Denver Warehouse,mst,-7:00:00,Mountain Time Zone,Unknown,Need to Identify,1,4520 Florence Street,Denver,CO,80247,HCA,CSC,Supply Chain,*None, Denver,4520 Florence Street Denver,39.7796968,-104.8712081
18000399,8751,CSC - Tampa Warehouse,est,-5:00:00,Eastern Time Zone,Unknown,Need to Identify,1,10094 Premier Parkway,Miramar,FL,33025,HCA,CSC,Supply Chain,*None, Miramar,10094 Premier Parkway Miramar,25.9726986,-80.2780266
18000400,8754,CSC - Salt Lake Warehouse,mst,-7:00:00,Mountain Time Zone,Unknown,Need to Identify,1,1120 W. Sportsplexn Drive,Kaysville,UT,84037,HCA,CSC,Supply Chain,*None, Kaysville,1120 W. Sportsplexn Drive Kaysville,41.0427525,-111.9613481
18000401,8750,CSC - Houston Warehouse,cst,-6:00:00,Central Time Zone,Unknown,Need to Identify,1,"12610 W. Airport Blvd, Ste 180",Sugar Land,TX,77478,HCA,CSC,Supply Chain,*None, Sugar Land,"12610 W. Airport Blvd, Ste 180 Sugar Land",29.6481877,-95.6032539
18000402,9752,CSC - Kansas City Warehouse,cst,-6:00:00,Central Time Zone,Unknown,Need to Identify,1,10405 W 79th Street,Shawnee,KS,66214,HCA,CSC,Supply Chain,*None, Shawnee,10405 W 79th Street Shawnee,38.9871422,-94.7062637
18000403,7847,CSC - Nashville Warehouse,cst,-6:00:00,Central Time Zone,Unknown,Need to Identify,1,245B Great Circle Road,Nashville,TN,37228,HCA,CSC,Supply Chain,*None, Nashville,245B Great Circle Road Nashville,36.195759,-86.791236
18000404,8753,CSC - New Orleans Warehouse,cst,-6:00:00,Central Time Zone,Unknown,Need to Identify,1,129 New Camellia Blvd,Covington,LA,70433,HCA,CSC,Supply Chain,*None, Covington,129 New Camellia Blvd Covington,30.4551605,-90.1732001
18000405,8749,CSC - Jacksonville Warehouse,est,-5:00:00,Eastern Time Zone,Unknown,Need to Identify,1,85011 Westside Industrial Drive,Jacksonville,FL,32219,HCA,CSC,Supply Chain,*None, Jacksonville,85011 Westside Industrial Drive Jacksonville,30.37477,-81.7942039
18000406,7846,CSC - Dallas Warehouse,cst,-6:00:00,Central Time Zone,Unknown,Need to Identify,1,1151 Enterprise Drive,Coppell,TX,75019,HCA,CSC,Supply Chain,*None, Coppell,1151 Enterprise Drive Coppell,32.9409437,-97.0039845
18000407,7848,CSC - Richmond Warehouse,est,-5:00:00,Eastern Time Zone,Unknown,Need to Identify,1,200 Wadsworth Drive,Richmond,VA,23236,HCA,CSC,Supply Chain,*None, Richmond,200 Wadsworth Drive Richmond,37.4930814,-77.5592212
18000408,25748,CSC - San Antonio Warehouse,cst,-6:00:00,Central Time Zone,Unknown,Need to Identify,1,"5919 W Campus Drive, Suite 120",San Antonio,TX,78247,HCA,CSC,Supply Chain,*None, San Antonio,"5919 W Campus Drive, Suite 120 San Antonio",29.6005728,-98.3682466
18000409,8752,CSC - Miami Warehouse,est,-5:00:00,Eastern Time Zone,Unknown,Need to Identify,1,"12901 Starkey Road, Suite 1000",Largo,FL,33773,HCA,CSC,Supply Chain,*None, Largo,"12901 Starkey Road, Suite 1000 Largo",27.8898169,-82.7594915
18000428,31768,Frankfort Regional Medical Center,est,-5:00:00,Eastern Time Zone,MT6x,Meditech 6.x/Expanse,1,299 Kings Daughters Dr,Frankfort,KY,40601,HCA,H-TRI,Tristar,HCACRD, Frankfort,299 Kings Daughters Dr Frankfort,38.160093,-84.9064527
18000275,31030,Tristar Division Hub Sites,cst,-6:00:00,Central Time Zone,Unknown,Need to Identify,1,"110 Winners Circle, First Floor",Nashville,TN,37203,HCA,H-TRI,Tristar,*None, Nashville,"110 Winners Circle, First Floor Nashville",36.0367195,-86.8074944
18000117,36244,TriStar Ashland City Medical Center,cst,-6:00:00,Central Time Zone,MT56,Meditech 5.6,1,313 N Main St,Ashland City,TN,37015,HCA,H-TRI,Tristar,TNA, Ashland City,313 N Main St Ashland City,36.2771154,-87.0656263
18000109,34222,Centennial Medical Center,cst,-6:00:00,Central Time Zone,MT56,Meditech 5.6,1,2300 Patterson St,Nashville,TN,37203,HCA,H-TRI,Tristar,TNA, Nashville,2300 Patterson St Nashville,36.1536713,-86.8102822
18000462,31767,Greenview Hospital,cst,-6:00:00,Central Time Zone,MT56,Meditech 5.6,1,1801 Ashley Cir,Bowling Green,KY,42104,HCA,H-TRI,Tristar,TNA, Bowling Green,1801 Ashley Cir Bowling Green,36.9640133,-86.4365231
18000498,34296,Hendersonville Hospital,cst,-6:00:00,Central Time Zone,MT56,Meditech 5.6,1,355 New Shackle Island Rd,Hendersonville,TN,37075,HCA,H-TRI,Tristar,TNA, Hendersonville,355 New Shackle Island Rd Hendersonville,36.3253914,-86.6224191
18000512,36243,Horizon Medical Center,cst,-6:00:00,Central Time Zone,MT56,Meditech 5.6,1,111 Hwy 70 East,Dickson,TN,37055,HCA,H-TRI,Tristar,TNA, Dickson,111 Hwy 70 East Dickson,36.0828725,-87.3373582
18001342,26990,Pinewood Springs,cst,-6:00:00,Central Time Zone,MT56,Meditech 5.6,1,1001 North James Campbell Boulevard,Columbia,TN,38401,HCA,H-TRI,Tristar,TNA, Columbia,1001 North James Campbell Boulevard Columbia,35.6216314,-87.0667483
18001108,9391,Stonecrest Medical Center,cst,-6:00:00,Central Time Zone,MT56,Meditech 5.6,1,200 Stonecrest Blvd.,Smyrna,TN,37167,HCA,H-TRI,Tristar,TNA, Smyrna,200 Stonecrest Blvd. Smyrna,35.9752582,-86.5648355
18001115,34223,Summit Medical Center,cst,-6:00:00,Central Time Zone,MT56,Meditech 5.6,1,5655 Frist Blvd,Hermitage,TN,37076,HCA,H-TRI,Tristar,TNA, Hermitage,5655 Frist Blvd Hermitage,36.1764794,-86.6084257
18001139,25070,Skyline Medical Center Madison Campus,cst,-6:00:00,Central Time Zone,MT56,Meditech 5.6,1,500 Hospital Drive,Madison,TN,37116,HCA,H-TRI,Tristar,TNA, Madison,500 Hospital Drive Madison,36.2546879,-86.6823544
18001044,34242,Southern Hills Medical Center,cst,-6:00:00,Central Time Zone,MT56,Meditech 5.6,1,391 Wallace Rd,Nashville,TN,37211,HCA,H-TRI,Tristar,TNA, Nashville,391 Wallace Rd Nashville,36.0764251,-86.7216747
18001028,34293,Skyline Medical Center (Nashville Memorial),cst,-6:00:00,Central Time Zone,MT56,Meditech 5.6,1,3441 Dickerson Pike,Nashville,TN,37027,HCA,H-TRI,Tristar,TNA, Nashville,3441 Dickerson Pike Nashville,36.2456099,-86.7497302
18000950,18930,Redmond Regional Medical Center,est,-5:00:00,Eastern Time Zone,MT56,Meditech 5.6,1,501 Redmond Rd,Rome,GA,30165,HCA,H-TRI,Tristar,GAA, Rome,501 Redmond Rd Rome,34.2769931,-85.1949096
18000880,34206,Parkridge East Hospital,est,-5:00:00,Eastern Time Zone,MT56,Meditech 5.6,1,941 Spring Creek Rd,Chattanooga,TN,37412,HCA,H-TRI,Tristar,TNB, Chattanooga,941 Spring Creek Rd Chattanooga,34.9985172,-85.2189477
18000881,34224,Parkridge Medical Center,est,-5:00:00,Eastern Time Zone,MT56,Meditech 5.6,1,2333 McCallie Avenue,Chattanooga,TN,37404,HCA,H-TRI,Tristar,TNB, Chattanooga,2333 McCallie Avenue Chattanooga,35.0340793,-85.2671107
18000884,26620,Parkridge West Hospital,cst,-6:00:00,Central Time Zone,MT56,Meditech 5.6,1,1000 Highway 28,Jasper,TN,37347,HCA,H-TRI,Tristar,TNB, Jasper,1000 Highway 28 Jasper,52.8736786,-118.0813581
18000860,26536,HCA Florida Pasadena Hospital,est,-5:00:00,Eastern Time Zone,MT56,Meditech 5.6,1,1501 Pasadena Ave,Petersburg,FL,33707,HCA,H-WFL,West Florida,FLQ, Petersburg,1501 Pasadena Ave Petersburg,27.7671271,-82.6384451
18000953,30951,HCA Florida Bayonet Point Hospital,est,-5:00:00,Eastern Time Zone,MT56,Meditech 5.6,1,14000 Fivay Rd,Hudson,FL,34667,HCA,H-WFL,West Florida,FLG, Hudson,14000 Fivay Rd Hudson,28.3612943,-82.6876201
18001033,37941,HCA Florida South Shore Hospital,est,-5:00:00,Eastern Time Zone,MT56,Meditech 5.6,1,4016 State Rd 674,Sun City Center,FL,33573,HCA,H-WFL,West Florida,FLG, Sun City Center,4016 State Rd 674 Sun City Center,27.7125278,-82.3350792
18001157,27500,HCA Florida West Tampa Hospital,est,-5:00:00,Eastern Time Zone,MT56,Meditech 5.6,1,6001 Webb Road,Tampa,FL,33615,HCA,H-WFL,West Florida,FLQ, Tampa,6001 Webb Road Tampa,28.0020234,-82.5740746
18001120,25558,HCA Florida Largo West Hospital,est,-5:00:00,Eastern Time Zone,Unknown,Need to Identify,1,2025 Indian Rocks Road,Largo,FL,33774,HCA,H-WFL,West Florida,FLG, Largo,2025 Indian Rocks Road Largo,27.8982643,-82.8243785
18001104,30901,HCA Florida St. Petersburg Hospital,est,-5:00:00,Eastern Time Zone,MT56,Meditech 5.6,1,6500 38th Ave North,St. Petersburg,FL,33710,HCA,H-WFL,West Florida,FLG, St. Petersburg,6500 38th Ave North St. Petersburg,27.8053256,-82.7260737
18001371,27511,West Florida Simulation Center,est,-5:00:00,Eastern Time Zone,None,No EMR,1,"560 South Lakewood Dr, Suite 210",Brandon,FL,33511,HCA,H-WFL,West Florida,*None, Brandon,"560 South Lakewood Dr, Suite 210 Brandon",27.9287106,-82.3133927
18000715,26537,HCA Florida South Tampa Hospital,est,-5:00:00,Eastern Time Zone,MT56,Meditech 5.6,1,2901 Swann Ave,Tampa,FL,33609,HCA,H-WFL,West Florida,FLQ, Tampa,2901 Swann Ave Tampa,27.9383783,-82.4886888
18000626,30936,HCA Florida Largo Hospital,est,-5:00:00,Eastern Time Zone,MT56,Meditech 5.6,1,201 14th St SW,Largo,FL,33770,HCA,H-WFL,West Florida,FLG, Largo,201 14th St SW Largo,27.9144566,-82.8038059
18000763,30941,HCA Florida Trinity Hospital,est,-5:00:00,Eastern Time Zone,MT56,Meditech 5.6,1,5637 Marine Parkway,New Port Richey,FL,34656,HCA,H-WFL,West Florida,FLG, New Port Richey,5637 Marine Parkway New Port Richey,28.2351527,-82.7202566
18000815,30997,HCA Florida Oak Hill Hospital,est,-5:00:00,Eastern Time Zone,MT56,Meditech 5.6,1,11375 Cortez Blvd,Brooksville,FL,34613,HCA,H-WFL,West Florida,FLG, Brooksville,11375 Cortez Blvd Brooksville,28.5369651,-82.53418
18000801,30950,HCA Florida Northside Hospital,est,-5:00:00,Eastern Time Zone,MT56,Meditech 5.6,1,"6000 49th Street, North",St. Petersburg,FL,33709,HCA,H-WFL,West Florida,FLG, St. Petersburg,"6000 49th Street, North St. Petersburg",27.8257979,-82.7023462
18000073,30917,HCA Florida Brandon Hospital,est,-5:00:00,Eastern Time Zone,MT56,Meditech 5.6,1,119 Oakfield Dr,Brandon,FL,33511,HCA,H-WFL,West Florida,FLG, Brandon,119 Oakfield Dr Brandon,27.9335683,-82.2865354
18000001,3206,Access Summit Imaging Center,est,-5:00:00,Eastern Time Zone,MT56,Meditech 5.6,1,12037 Cortez Blvd,Brooksville,FL,34613,HCA,H-WFL,West Florida,FLG, Brooksville,12037 Cortez Blvd Brooksville,28.5342448,-82.5283095
18000062,30949,HCA Florida Blake Hospital,est,-5:00:00,Eastern Time Zone,MT56,Meditech 5.6,1,2020 59th St West,Bradenton,FL,34209,HCA,H-WFL,West Florida,FLG, Bradenton,2020 59th St West Bradenton,27.4828573,-82.6238653
18000127,26670,HCA Florida Citrus Hospital,est,-5:00:00,Eastern Time Zone,Cerner,Cerner,1,502 W Highland Blvd,Inverness,FL,33763,HCA,H-WFL,West Florida,*None, Inverness,502 W Highland Blvd Inverness,28.8338994,-82.3358636
18000276,36958,West Florida Division Hub Sites,est,-5:00:00,Eastern Time Zone,Unknown,Need to Identify,1,3031 N. Rocky Point Drive West,Tampa,FL,33607,HCA,H-WFL,West Florida,*None, Tampa,3031 N. Rocky Point Drive West Tampa,27.9695213,-82.5682177
18000387,35952,HCA Florida Englewood Hospital,est,-5:00:00,Eastern Time Zone,MT56,Meditech 5.6,1,700 Medical Blvd,Englewood,FL,34223,HCA,H-WFL,West Florida,FLC, Englewood,700 Medical Blvd Englewood,26.9502551,-82.3267065
18000343,36930,HCA Florida Sarasota Doctors Hospital,est,-5:00:00,Eastern Time Zone,MT56,Meditech 5.6,1,5731 Bee Ridge Rd,Sarasota,FL,34233,HCA,H-WFL,West Florida,FLC, Sarasota,5731 Bee Ridge Rd Sarasota,27.302334,-82.4528777
18000415,35953,HCA Florida Fawcett Hospital,est,-5:00:00,Eastern Time Zone,MT56,Meditech 5.6,1,21298 Olean Blvd NW,Port Charlotte,FL,33949,HCA,H-WFL,West Florida,FLC, Port Charlotte,21298 Olean Blvd NW Port Charlotte,26.988797,-82.0980724